article_id,office_id,title,date,page,newspaper
0012073907,003,[올댓차이나] 중국 증시 혼조 마감…상하이지수 0.12%↑,20230906,1,뉴시스
0000770974,031,"한미반도체, TC 본더 2.0 CW로 TSMC CoWoS 공략",20230906,1,아이뉴스24
0012073903,003,"유안타證 ""홍콩H지수 ELS, 내년 적지 않은 원금손실 예상""",20230906,1,뉴시스
0002746636,119,증권사 CFD 재개에도 과제 산적…보완 노력 지속,20230906,1,데일리안
0004235036,011,"[데이터로 보는 증시]에스엠·루닛, 기관·외국인 코스닥 순매수 1위(9월 6일)",20230906,1,서울경제
0005068431,014,기술주 뜨고 콘텐츠주 지고...코스닥 시총 순위 대격변,20230906,1,파이낸셜뉴스
0005068430,014,증시 '9월 효과' 공포...에코프로 등 '믿을맨' 몰린다,20230906,1,파이낸셜뉴스
0002193847,016,"‘IPO 대어’ 두산로보틱스, 로봇·AI붐 덕에 수급부담 줄었다 [투자360]",20230906,1,헤럴드경제
0007033304,421,먹는 당뇨·비만 신약후보 1상계획 승인…일동제약·일동홀딩스 '上'[핫종목],20230906,1,뉴스1
0007033303,421,"미래에셋증권, 토큰증권으로 K-콘텐츠 시장 활성화 나선다",20230906,1,뉴스1
0000019316,648,"LG유플러스, '전력 AMI LTE 모뎀' 개선 나섰다",20230906,1,비즈워치
0004934898,008,'치솟는 유가' 인플레이션 우려…코스피·코스닥 동반 하락,20230906,1,이데일리
0012073822,003,엔화 가치 10개월 만에 최저,20230906,1,머니투데이
0005568516,018,"카사, 167억 규모 압구정 커머스빌딩 공모 개시",20230906,1,뉴시스
0004934893,008,"상상인 스팩4호, 공모 청약에 1조 넘게 모여…경쟁률 1011:1",20230906,1,이데일리
0005568505,018,AI에 투자하고 싶다면 이 기업 사라...“수년간 많은 기회줄 것” (영상),20230906,1,머니투데이
0004235026,011,고금리 지속에 ‘파킹형 ETF’ 최단기 2조 돌파,20230906,1,이데일리
0004888450,015,"""1600억 물렸는데 어쩌나""…막차 타려던 개미들 '날벼락'",20230906,1,서울경제
0005568530,018,"파인디앤씨, 50억 규모 전환사채 발행 결정",20230906,1,한국경제
0002823720,029,"산은캐피탈, K2인베스트먼트와 550억원 규모 세컨더리펀드 결성",20230906,2,디지털타임스
0004934888,008,"이차전지, 엔터, 로봇·AI…주도주 바뀌자 코스닥 지형도 바뀌었다",20230906,2,머니투데이
0007033267,421,코스닥 0.38% 하락 마감,20230906,2,뉴스1
0000049842,243,"산은캐피탈-K2인베, 550억원 규모 세컨더리 펀드 결성 ‘맞손’",20230906,2,이코노미스트
0004888446,015,비만치료제 관심 폭발하더니…신약개발로 탄력받은 '바이오주',20230906,2,한국경제
0004235022,011,"[데이터로 보는 증시]삼성SDS·삼성전자, 기관·외국인 코스피 순매수 1위(9월 6일)",20230906,2,서울경제
0007033258,421,"NH투자증권, 주식 타사대체입고 이벤트 실시",20230906,2,뉴스1
0007033257,421,"코스피, 치솟는 유가에 인플레 우려…0.73% 하락[시황종합]",20230906,2,뉴스1
0012073764,003,"유투바이오, 증권신고서 제출…코스닥 이전 상장 돌입",20230906,2,뉴시스
0000237100,629,"[시황] 코스피·코스닥, 외인·기관 매도세에 동반 하락",20230906,2,더팩트
0004934880,008,"""주유 미리 할 걸"" 국제유가 최고치..정유주 매력 '↑'",20230906,2,머니투데이
0012073763,003,"코스피, 기관·외인 매도에 낙폭 키우며 2570선 붕괴[마감시황]",20230906,2,뉴시스
0014175751,001,"코스피-코스닥, 하락 마감",20230906,2,연합뉴스
0014175744,001,"코스피, 0.7% 하락 마감",20230906,2,연합뉴스
0014175741,001,"[게시판] 한화투자증권, 채권 입고 시 최대 50만원 지급 이벤트",20230906,2,연합뉴스
0012073746,003,하락 마감한 코스피,20230906,2,뉴시스
0012073744,003,"하락 마감한 코스피, 원·달러 환율 1330.5원",20230906,2,뉴시스
0012073743,003,"하락 마감한 코스피, 코스닥",20230906,2,뉴시스
0012073742,003,"코스피, 원·달러 환율 하락 마감",20230906,3,뉴시스
0012073741,003,하락 마감한 국내 증시,20230906,3,뉴시스
0004888442,015,"네이버, AI 공개 후 '지지부진'…""매수 기회"" 전문가 조언 이유",20230906,3,한국경제
0005068413,014,"NH투자증권, 타사대체입고 이벤트",20230906,3,파이낸셜뉴스
0002746616,119,"[시황] 코스피, 인플레이션 우려 확대에 2560대로 후퇴… 2563.34 마감",20230906,3,이데일리
0012073737,003,"코빗,  ISMS-P·ISO 4종 인증 유지…""보안 역량 확인""",20230906,3,데일리안
0005568473,018,"당국 개입 경계감·달러 진정세에 되돌림…환율, 1330.5원 보합[외환마감]",20230906,3,뉴시스
0004934868,008,기름값 고점 아니었어?…90달러 다가서가 원유 ETF도 '쑥쑥',20230906,3,이데일리
0001123598,215,외인·기관 매도에 '뒷심 부족'…바이오·보안주 초강세,20230906,3,머니투데이
0005568476,018,"디에스앤엘, 11월15일 주주명부 폐쇄",20230906,3,한국경제TV
0000759126,469,"""유가가 너무해""... 10개월 만에 최고치, 물가 다시 들썩?",20230906,4,이데일리
0004934866,008,다음 테마는 대마?…개미 몰리자 한달새 40% '껑충',20230906,4,한국일보
0012073721,003,"켄코아에어로스페이스, SCM 페어 참가",20230906,4,머니투데이
0005068409,014,외국인 매수에 CEO까지 가세...금융주 랠리 시작되나,20230906,4,뉴시스
0004934860,008,"돌아온 유커, 카지노 주가도 훨훨…한달만에 70% 급반등",20230906,4,파이낸셜뉴스
0014175703,001,"코스피, 기관·외인 매도에 2,560대로 밀려…업종 차별화(종합)",20230906,4,머니투데이
0004934857,008,올해 들어 133% 증가한 이 종목…이게 끝이 아니라고?,20230906,4,연합뉴스
0004888438,015,"코스피, 0.73% 밀려 2560선…인플레 우려에 투심 위축",20230906,4,머니투데이
0007033199,421,"코스피, 0.73% 하락 2563.34선 마감",20230906,4,한국경제
0007033198,421,"코스피·코스닥, 하락 마감",20230906,4,뉴스1
0007033197,421,"코스피, 기관·외인 ‘팔자’에 2560대로 하락",20230906,4,뉴스1
0007033195,421,"코스피, 인플레이션 우려에 하락",20230906,4,뉴스1
0005568462,018,5거래일 연속 기관 '팔자'에…910선 '털썩'[코스닥 마감],20230906,4,연합뉴스
0005568472,018,"티피씨글로벌, 50억 규모 교환사채권 발행 결정",20230906,4,이데일리
0004235014,011,"‘최대 300만 원 상금’ 삼성증권, 파생상품 실전투자대회 개최",20230906,5,서울경제
0014175664,001,"코스피, 0.7% 하락 마감…2,560대로 뒷걸음",20230906,5,연합뉴스
0004235011,011,"KRX금 가격, 0.19% 내린 1g당 8만2700원(9월 6일)",20230906,5,서울경제
0000947011,417,"[STOCK] 삼성전자, 7만전자 깨졌다…  호실적 전망 속 기관 폭풍 매도",20230906,5,머니S
0014175650,001,"""北, 올해 2천600억원 규모 암호화폐 훔쳐…핵 프로그램 지원""",20230906,5,연합뉴스
0014175647,001,"원/달러 환율, 0.1원 내린 1,330.5원 마감…弱위안 둔화 영향",20230906,5,연합뉴스
0012073685,003,당뇨병 후보물질 임상 승인 '일동홀딩스·일동제약' 상한가[핫스탁](종합),20230906,5,뉴시스
0012073683,003,"디이엔티, 유상증자 성공…1215억 확보",20230906,5,뉴시스
0000237082,629,"[특징주] 포스코DX, 또 신고가…11월 MSCI 정기편입 가능할까",20230906,5,더팩트
0005568452,018,[코스피 마감]모멘텀 실종 속 외인·기관 ‘셀코리아’…7만전자 턱걸이,20230906,5,이데일리
0012073627,003,"라메디텍, 올바른과 레이저 미용기기 '퓨라셀미' 공급 계약",20230906,5,뉴시스
0000770949,031,"코스피, 인플레이션 우려에 하락…2560선 마감",20230906,5,아이뉴스24
0014175620,001,"[특징주] 슈어소프트테크, 대주주 현대차의 지분 매각에 급락(종합)",20230906,5,연합뉴스
0000929892,366,"히트친 월배당 ETF, 어느새 31개 상장... “MZ는 하지 마세요”",20230906,5,조선비즈
0012073574,003,"코스피 2563.34(▼0.78%), 코스닥 917.95(▼0.38%), 원·달러 환율 1330.5원(▼0.1원) 마감[시황]",20230906,5,뉴시스
0014175604,001,"[특징주] 파라다이스, 3분기 실적 기대감에 상승(종합)",20230906,6,서울경제
0007033128,421,"코스피, 0.73% 하락 2563.34선 마감…코스닥 0.38%↓(2보)",20230906,6,서울경제
0000946996,417,"코스닥, 3.53포인트(0.38%) 내린 917.95포인트 마감",20230906,6,한국경제TV
0000946993,417,"코스피, 18.84포인트(0.73%) 내린 2563.34포인트 마감",20230906,6,뉴스1
0005182829,009,"경영 공백 끝났다 좋아했는데…대표님, KT 주가가 왜 이러죠?",20230906,6,머니S
0014175595,001,[특징주] 국제유가 상승에 에쓰오일 등 정유주 소폭 올라(종합),20230906,6,매일경제
0004934835,008,'반도체 초강대국' 꿈꾸는 韓...요즘 뜨는 '소부장 펀드',20230906,6,연합뉴스
0000946992,417,원/달러 환율 0.1 원 내린 1330.5원 마감,20230906,6,연합뉴스
0007033115,421,[코스닥] 3.53p(0.38%) 내린 917.95 마감,20230906,6,머니투데이
0002823687,029,"NH투자증권, 주식 타사대체입고 시 최대 110만원 제공 이벤트",20230906,6,머니S
0000770940,031,"""9월 위기 없다""…당국·금투업, PF 연체율 상승 둔화에 안도",20230906,6,머니투데이
0007033112,421,[코스피] 18.84p(0.73%) 내린 2563.34 마감,20230906,6,뉴스1
0000946990,417,"미래에셋證, K-콘텐츠 금융시장 선점한다… 토큰증권 상품화",20230906,6,디지털타임스
0007033105,421,[달러·원] 환율 0.1 원 내린 1330.5원 마감,20230906,6,아시아경제
0004235004,011,[코스닥(마감)] 3.53포인트(0.38%) 내린 917.95 마감,20230906,6,아이뉴스24
0004235003,011,"[코스피(마감)] 18.84포인트(0.73%) 내린 2,563.34 마감",20230906,6,뉴스1
0004934834,008,[스팟]코스닥 3.53포인트(0.38%) 내린 917.95 마감,20230906,6,머니S
0005310381,277,코스닥 3.53P 내린 917.95 마감(0.38%↓),20230906,6,뉴스1
0004934826,008,CFD 잔고 100억 이상 종목 22곳… 절반이 '제약·바이오주',20230906,7,머니투데이
0012073493,003,"드림씨아이에스, 메디라마와 신약 파이프라인 개발 MOU",20230906,7,뉴시스
0012073490,003,"랩지노믹스, 美 암 정복 프로젝트 캔서문샷 합류",20230906,7,뉴시스
0002193808,016,증시부진에 ELS 중도상환 급증…H지수 연계는 상환 실패도 [투자360],20230906,7,헤럴드경제
0014175508,001,검찰 '청담 주식부자' 이희진 코인사기 혐의 소환(종합),20230906,7,연합뉴스
0001123580,215,"하나증권, '하나 점프업 특판 CMA' 출시…연 3.70% 수익률",20230906,7,파이낸셜뉴스
0007033006,421,"삼성자산운용 ""코덱스 CD금리 액티브, 순자산 2조원 최단기 돌파""",20230906,7,한국경제TV
0007033005,421,"한국투자증권 미니스탁, 국내주식 거래 도입하고 '테마' 기능 추가",20230906,7,뉴시스
0007033003,421,"삼성증권, 파생상품 실전투자대회 개최…인당 최대 300만원 상금",20230906,7,뉴스1
0007032990,421,"""5세대 보이그룹 '라이즈' 톱 티어될 것""…SM 장중 5%대 강세[핫종목]",20230906,7,뉴스1
0000770907,031,"[아이TV]김득의 ""라임펀드 정치공방 중단하고, 신속한 분쟁조정 시행해야""",20230906,7,뉴스1
0005068376,014,[fn오후시황] 외인·기관 '팔자' 확대...코스피·코스닥 동반 약세,20230906,7,뉴시스
0005068386,014,"디엔에이링크, AI기반 신약 및 한국형 의료AI 개발 부각",20230906,7,뉴스1
0012073444,003,"레이크머티리얼리즈, 공장 증설· 인프라 구축에 315억 투자",20230906,7,이데일리
0012073429,003,"삼화페인트공업, 폴리우레아 조성물 관련 특허권 취득",20230906,7,이데일리
0005568410,018,"레이크머티리얼즈, 316억 규모 시설투자 결정",20230906,7,아이뉴스24
0005568409,018,"보로노이, 21일 주주명부 폐쇄",20230906,7,이데일리
0005568408,018,"EG, 21일 주주명부 폐쇄",20230906,7,이데일리
0005568407,018,"제노코, 국방과학연구소와 25억 규모 공급계약 체결",20230906,7,이데일리
0005568405,018,"나무기술, 39억원 규모 교환사채 발행 결정",20230906,7,파이낸셜뉴스
0014175393,001,"""경제 불확실성 시기, 고정금리 모기지로 가계부채 구조개선""",20230906,8,이데일리
0005568388,018,"코스닥, 외인·기관 매도세에 하락 전환…2차전지주는 상승",20230906,8,이데일리
0012073315,003,끝나지 않는 사모펀드 사태…금감원 특별검사단 연장되나,20230906,8,연합뉴스
0004888413,015,"미래운용, 인도 뭄바이 '아마존 물류센터' 투자",20230906,8,뉴시스
0014175342,001,[경남소식] 올해 하반기 농어촌진흥기금 124억 융자 지원,20230906,8,이데일리
0005568385,018,"대원미디어, '짱구는 못말려' 전국 시네마퍼레이드 투어 진행",20230906,8,이데일리
0005182797,009,"코스피 이사가는 포스코DX, 10%대 급등…8거래일째 사상 최고가",20230906,8,뉴시스
0002746561,119,中 경기 둔화 속 라임 사태까지...악재 쌓이는 펀드 시장,20230906,8,한국경제
0012073300,003,"미래에셋운용 인도법인, 뭄바이에 아마존 물류센터 투자",20230906,8,연합뉴스
0004888409,015,"[한경유레카 특징주] AI 플랫폼 루닛, 52주 신고가 경신",20230906,8,아시아경제
0004234966,011,[오후 시황] 외인·기관 '팔자'에 2570선 내주고 후퇴…대부분 종목 약세 보여,20230906,8,이데일리
0000770903,031,"[특징주] 정부, 전국에 CCTV 확충…엠젠솔루션, AI인파대응 시스템 공급 부각",20230906,8,매일경제
0012073250,003,USDC 발행사 '서클' 창업자가 본 스테이블코인 미래는,20230906,8,데일리안
0014175233,001,"[게시판] KB증권, 미국 주식 시세 알리미 서비스 개시",20230906,8,뉴시스
0002823658,029,"삼성증권, 파생상품 실전투자대회 개최",20230906,8,한국경제
0005568402,018,"삼일기업공사, 579억 규모 김천공장 증축공사 계약",20230906,8,서울경제
0005568395,018,"대호특수강, CHQ 제품 생산 중단",20230906,8,아이뉴스24
0012073325,003,"대동금속, 이풍우·김준식 대표이사 체제로 변경",20230906,8,뉴시스
0005568392,018,"지아이텍, 디이엔티와 63억대 노칭 장비 공급계약",20230906,8,연합뉴스
0005310359,277,"켄코아에어, 이음 5G 솔루션 공개 ",20230906,8,디지털타임스
0000049836,243,"미래에셋, 인도 뭄바이 ‘아마존 풀필먼트 물류센터’ 280억 투자",20230906,9,아시아경제
0012073234,003,"""외국인이 담는다""…의료 AI株 초강세",20230906,9,이코노미스트
0005310347,277,7만평 규모 양주 ‘딱따구리 수련원’ 매물로 나와,20230906,9,뉴시스
0004934773,008,"대원미디어, 극장판 '짱구 캐릭터'들이 '짱덕'들 찾아간다",20230906,9,아시아경제
0004888397,015,"[마켓PRO 칼럼] ""하반기는 실적 장세…저평가 종목 찾아봐야""",20230906,9,머니투데이
0005182784,009,“확정 수익 준다고?”…만기채권형 순자산 6조원까지 쑥,20230906,9,한국경제
0004888396,015,"금감원, 금융교육 홍보대사에 유튜버 '슈카' 위촉",20230906,9,매일경제
0012073184,003,"280만 유튜버 '슈카', 금감원 금융교육 홍보대사 위촉",20230906,9,한국경제
0000049834,243,"“형이 왜 거기서 나와?”…유튜버 ‘슈카’, 금감원 금융교육 홍보대사 됐다",20230906,9,뉴시스
0000759097,469,"KB금융, 서울 '착한 가격 식당' 60곳에 지원금",20230906,9,이코노미스트
0005310350,277,"한미반도체, 세미콘 타이완서 'TC 본더' 첫선",20230906,9,한국일보
0004234938,011,국제유가 상승에 에쓰오일·GS '들썩',20230906,10,서울경제
0014175159,001,"""증시부진에 ELS 중도상환 급증…H지수 연계는 상환 실패도""",20230906,10,연합뉴스
0004888394,015,"""투자매력도 떨어져""…원금손실 위험에 줄어드는 ELS 발행액",20230906,10,아시아경제
0005182766,009,"금융투자협회, ‘서울 핀테크 아카데미’ 과정 개설",20230906,10,한국경제
0004934762,008,"노랑풍선X행복얼라이언스, 결식 우려 아동 돕기 봉사활동 진행",20230906,10,매일경제
0014175085,001,"홍성국 ""재정결손 메우려 외평기금 쓰면 대외신인도에 부담""",20230906,10,머니투데이
0014175061,001,"우리금융 임종룡 회장, 주가 부양 위해 자사주 1만주 매수",20230906,10,아시아경제
0005568356,018,S&P500 편입·편출에 희비 엇갈려…에어비앤비 7%↑ (영상),20230906,10,연합뉴스
0005068281,014,"[fn마켓워치] SK에코플랜트, SK오션플랜트 CB 주식전환 …1100억원 물량",20230906,10,서울경제
0002746542,119,"자본연-한은, 학술 및 인사교류 협력 MOU",20230906,10,연합뉴스
0004934754,008,"악뮤, 네번째 싱글 '러브 리' 음원차트 '올킬'",20230906,10,머니투데이
0005068278,014,"[특징주]피델릭스, 中 55조 규모 반도체 산업 활성화 기금 조성 소식에↑",20230906,10,이데일리
0001123560,215,"삼성전자, 스마트폰 '세계 1위'...현대차, 전기차 '세계 7위' [권영훈의 증시뉴스 PICK]",20230906,10,뉴시스
0000019313,648,"SK C&C, 연세대 '디지털융합엔지니어링' 석사 과정 신설",20230906,10,뉴시스
0005310340,277,"[특징주]라이프시맨틱스, 의료AI 혁신…스마트폰으로 탈모·피부암 진단·예방",20230906,10,파이낸셜뉴스
0005310332,277,미래에셋증권 토큰증권 협의체에 '기생충' 투자사 합류…K-콘텐츠 상품화 추진,20230906,10,데일리안
0004234921,011,오늘의 증시 메모[9월 7일],20230906,10,머니투데이
0004934758,008,"젠큐릭스-딥바이오, AI 전립선 암 진단 서비스 개발 MOU 체결",20230906,10,파이낸셜뉴스
0012073088,003,"대호특수강, 양산공장 CHQ 생산 중단",20230906,10,한국경제TV
0012073087,003,"삼일기업공사, 579억 규모 공장 증축 공사 수주",20230906,10,비즈워치
0012073074,003,'미술품 조각 투자' 사기 혐의 피카코인 대표 첫 재판 공전,20230906,11,뉴시스
0004934748,008,"다날 ""로봇 시장 성장세에 로봇카페 비트 수혜 기대""",20230906,11,머니투데이
0007032653,421,"라임·디스커버리 피해자들 ""금감원, 정쟁화 멈추고 분쟁조정위 열라""",20230906,11,뉴스1
0000929827,366,"삼성자산운용 “KODEX CD금리액티브, 순자산 2조원 최단기 돌파”",20230906,11,조선비즈
0007032652,421,"유가 상승으로 달러 강세, 亞주요국 환율 10개월래 최저",20230906,11,뉴스1
0004234910,011,"카사, 압구정 커머스빌딩 조각 투자 공모 개시",20230906,11,머니투데이
0004888382,015,[한경유레카 특징주] 3상 종료 발표한 펩트론…9월에 주가 다시 상승세,20230906,11,서울경제
0005068266,014,"국보 지분 보유한 레드힐바이오파마, 美·유럽 특허 취득 ‘눈길’",20230906,11,한국경제
0012073045,003,"유진투자증권-KIMCo 재단, MOU 체결",20230906,11,파이낸셜뉴스
0001123556,215,월가 대표 약세론자 “9월 증시는 위험회피 성향 나타날 것…낙관론 경계해야”,20230906,11,뉴시스
0005068263,014,와이오엠 소액주주연대 “이익구조 악화...경영진 교체 필요”,20230906,11,한국경제TV
0005182743,009,"젠큐릭스-딥바이오, 의료 AI 시장 진출... AI 전립선 암 진단 사업 우선 착수",20230906,11,파이낸셜뉴스
0002823637,029,"한국투자증권 미니스탁, 국내주식도 `테마`로 정리 제공",20230906,11,매일경제
0014174978,001,"한국은행, 자본시장연구원과 학술·인사교류 협력 강화",20230906,11,디지털타임스
0002823635,029,"미래에셋자산운용 인도법인, 뭄바이 지역 `아마존 풀필먼트 물류센터` 투자",20230906,11,연합뉴스
0003133019,030,"전자문서중계, 우리은행 들어오고 페이코 빠진다",20230906,11,디지털타임스
0000770866,031,"""'특혜 환매' 정치공방 중단해야""…라임 플루토·세턴투자자, 분쟁조정 촉구",20230906,11,연합뉴스
0004934744,008,"에이트원-디에이건축, 건설현장 디지털 전환 업무협약 체결",20230906,11,조선비즈
0000929821,366,"와이오엠 소액주주연대, 로펌 손잡고 경영 참여키로",20230906,11,아이뉴스24
0004934734,008,"스트레이 키즈, 첫 日 4대 돔 투어 순항…7.6만명 관중 환호",20230906,12,머니투데이
0005182742,009,"효성티앤씨, 블랙야크와 손잡고 자원선순환 나선다",20230906,12,매일경제
0001123553,215,BofA “美 국채금리 급등은 주식에 악재 아니다…경제에 긍정적”,20230906,12,한국경제TV
0002193732,016,"“다음 목표는 포스코인터”…‘올해 10배 상승’ 포스코DX, 52주 신고가에 시총 10조 육박 [투자360]",20230906,12,헤럴드경제
0000019312,648,"네이버, 10년간 SME·창작자 140만명 DX 지원했다",20230906,12,비즈워치
0003133016,030,"[ET라씨로]유나이티드제약, 696억 공급계약 소식에 상승세",20230906,12,전자신문
0004888375,015,"미래에셋운용 인도법인, 뭄바이 '아마존 풀필먼트 물류센터' 투자",20230906,12,한국경제
0004234897,011,"‘함께 가는 아시아, 동행’ ACC 아시아문화주간 개막... 아시아인의 문화교류 열정 담다",20230906,12,서울경제
0004888373,015,"""아시안게임·올림픽 온다""…광고株, 빅 이벤트 앞두고 '들썩'",20230906,12,한국경제
0000237012,629,"'라임 후폭풍' 압색에 CEO 제재까지…증권가, 커지는 책임론에 '몸살'",20230906,12,더팩트
0004934725,008,"'7만전자' 지킬까…삼성전자, 장중 1%대 하락",20230906,12,머니투데이
0004234892,011,"유진證·KIMCo, 유망 바이오벤처 투자 MOU 체결",20230906,12,서울경제
0004234890,011,[투자의 창] 테마주보다 고배당주,20230906,12,아시아경제
0007032539,421,머스크 트위터 인수할 때 스페이스X에서 1.3조 빌렸다,20230906,12,서울경제
0000019311,648,[공시줍줍]영화표 1장 값이면 CGV주식 3주(feat.유상증자),20230906,12,뉴스1
0000929805,366,"미래에셋증권, 토큰증권 활용해 K-콘텐츠 시장 투자 나선다",20230906,12,비즈워치
0004934712,008,"""대마초가 의약품?"" 개미 우르르…한달새 43% 급등한 종목은?",20230906,12,조선비즈
0005568286,018,"유가 상승이 촉발한 글로벌 ‘강달러’…장중 환율, 1337원까지 상승[외환분석]",20230906,12,머니투데이
0005568282,018,"국고채 3년물 금리, 장중 3.8%대 코앞… 강달러·美 금리 경계[채권분석]",20230906,12,이데일리
0005310300,277,"인실리코젠, 세종대와 육종 연구 경쟁력 강화·인재양성 협력",20230906,12,이데일리
0002592544,021,환율 1.9원 오르며 출발,20230906,13,문화일보
0005068213,014,"미래에셋증권, 토큰증권 활용 K콘텐츠금융 시장 선점",20230906,13,파이낸셜뉴스
0004234863,011,"""모처럼 주가 강세""…일동제약, 당뇨·비만 신약 1상 IND 승인[Why 바이오]",20230906,13,서울경제
0002592482,021,유커 귀환에… 카지노주 등 ‘훨훨’,20230906,13,문화일보
0004234861,011,[주식 초고수는 지금] 중국인 관광 활성화 기대감에 F&F 순매수 1위,20230906,13,서울경제
0000019310,648,"미래에셋운용, 뭄바이 물류센터에 두번째 투자…인도 공략 '속도'",20230906,13,아시아경제
0014174595,001,라임 펀드 분쟁조정 촉구하는 피해자들,20230906,13,비즈워치
0014174592,001,디스커버리 펀드 재분쟁조정 촉구하는 피해자들,20230906,13,연합뉴스
0004888351,015,앞자리 계속 바뀐다…큰 집 가는 포스코DX 6만원 돌파,20230906,13,연합뉴스
0005068198,014,"[fn오전시황] 코스피, 외인·기관 매도 확대에 하방 압력...美 증시 하락 영향",20230906,13,연합뉴스
0005310258,277,"정무위, 이정훈 빗썸코리아 전 의장 등 고발…국감 불출석",20230906,13,파이낸셜뉴스
0002193638,016,코스피 상장주 절반 주가 ‘마이너스’,20230906,14,헤럴드경제
0002193635,016,삼성전자 선행 PER 9개월來 최저,20230906,14,헤럴드경제
0002193634,016,"미래에셋자산운용, 뭄바이 물류센터 투자",20230906,14,헤럴드경제
0005568255,018,"주춤주춤 코스피…삼성전자, 1% 빠지며 ‘7만전자’ 버티기",20230906,14,이데일리
0002193633,016,한동훈·대마·애국 ‘테마주’ 기승,20230906,14,헤럴드경제
0005182656,009,S&P500 신규 편입에 호실적까지... 올들어 67% 오른 이 회사,20230906,14,헤럴드경제
0002193611,016,“숫자와 사실만 중요한 건 아냐...강력한 건 마음과 감정” [헤럴드디자인포럼2023],20230906,14,헤럴드경제
0005568245,018,"양우석 감독과 손잡은 미래에셋증권, STO 본격화",20230906,14,헤럴드경제
0014174487,001,"모건스탠리 ""미 성장, 기대보다 약해…증시, 너무 낙관적""",20230906,14,매일경제
0004234837,011,"미래에셋증권, K드라마 토큰증권 상품화 추진",20230906,14,헤럴드경제
0002746469,119,혹시나 했더니 역시나 '설레발'…또 체면 구긴 네이버 최수연,20230906,14,이데일리
0002823589,029,"코빗, 개인정보보호 관리체계와 ISO 4종 인증 유지…사후 심사 통과",20230906,14,연합뉴스
0004234831,011,"IAAE-한국제로트러스트보안협회, AI 분야 제로트러스트 보안 협력 위한 MOU 체결",20230906,14,서울경제
0001123520,215,"AI 올라탄 폴라리스오피스…""주가 레벨업 가능""",20230906,14,데일리안
0001123519,215,국제유가 올라 코스피 내려...정유주-항공주 '희비' [권영훈의 증시뉴스 PICK],20230906,14,디지털타임스
0002193632,016,"KODEX CD금리액티브, 순자산 2조 돌파",20230906,14,서울경제
0002193631,016,하이퍼클로바X 우려에 네이버 시총 4兆 증발,20230906,14,한국경제TV
0002193630,016,브레이크 없는 ‘차이나 런’,20230906,14,한국경제TV
0004234822,011,HMM 인수전 자금조달 관전 포인트…①LX 조단위 유증 여부 [시그널],20230906,15,서울경제
0000929759,366,"하이투자증권, 연 7%대 ELS 3종 공모",20230906,15,조선비즈
0012072481,003,"NH투자증권, 주식 타사대체입고 이벤트",20230906,15,뉴시스
0000236958,629,"[특징주] 일동제약·홀딩스, 비만·당뇨병약 임상승인 소식에 '급등'",20230906,15,더팩트
0000019308,648,"유한양행, 사이러스테라퓨틱스와 소분자 항암 표적치료제 공동개발",20230906,15,비즈워치
0003132955,030,게이트 지나가면 결제...티머니 '태그리스' 시작,20230906,15,전자신문
0000019307,648,"라임 논란 4년만에 재소환…당국, 사모펀드 CEO 제재수위 '고심'",20230906,15,비즈워치
0014174416,001,"엔화가치 10개월만의 최저…日재무성 ""투기엔 모든 선택지""(종합)",20230906,15,연합뉴스
0004934652,008,"씨유박스·마이베네핏, ""영상 AI 키오스크로 맞춤 건강 관리""",20230906,15,머니투데이
0004234815,011,엔화 10개월래 최저…日 “모든 선택지 배제 안해” 구두개입,20230906,15,서울경제
0002193563,016,"미래에셋증권, 韓 영화·드라마 기반 토큰증권 상품화 나섰다 [투자360]",20230906,15,헤럴드경제
0000019306,648,"일동제약, 먹는 당뇨·비만 신약물질 임상시험계획 승인",20230906,15,비즈워치
0004934650,008,"카카오, 3분기 실적 발표 전 매수 추천…목표가 7.5만원 -유안타證",20230906,15,머니투데이
0004934648,008,'개미가 사랑하는 ETF'...미래에셋 ETF 순자산 40조 돌파,20230906,15,머니투데이
0012072397,003,[올댓차이나] 중국 증시 하락 출발…상하이지수 0.23%↓,20230906,15,뉴시스
0005568222,018,"'7만전자' 또 깨졌다…삼성전자, 장중 1%대 하락[특징주]",20230906,15,이데일리
0004234809,011,일학개미 열풍에…'개인거래 1위' 키움도 MTS 日주식 서비스 가세,20230906,15,서울경제
0005068136,014,[특징주] '코스피 이전' 포스코DX 또 신고가 경신..8%대 강세,20230906,15,파이낸셜뉴스
0004234807,011,"정관장, 시니어 고객 타깃 '장수:율(匠水:律)' 론칭",20230906,15,서울경제
0005568217,018,"통안채 2년물, 3.810%에 3조200억원 낙찰… 응찰 4조6900억원",20230906,15,이데일리
0000019305,648,"KT, 캐나다 벡터연구소와 '초거대 AI' 고도화한다",20230906,16,비즈워치
0002823571,029,"테사, ‘러브 인 파라다이스: 뱅크시 앤 키스 해링’ 전시에 보유작 10점 출품",20230906,16,디지털타임스
0004234803,011,"동아출판, 초등 교사를 위한 독서 수업 플랫폼 ‘두클래스 온북’ 오픈",20230906,16,아시아경제
0004934641,008,"한화투자증권, '채권 투자 입문' 이벤트 실시",20230906,16,서울경제
0003132938,030,"[ET라씨로]파라다이스, 3분기 실적 기대감에 상승세",20230906,16,머니투데이
0004234802,011,"한국자활복지개발원, 청년내일저축계좌 가입자 대상 ‘자산형성포털’을 통한 편의성 제고",20230906,16,전자신문
0003132937,030,"이병주·이선훈 SI증권 대표, 쿨 코리아 챌린지 참여",20230906,16,서울경제
0000019304,648,"아프리카TV '멸망전', 누적 시청자 4억명 돌파",20230906,16,전자신문
0005068127,014,"하나증권, ‘하나 점프업 특판 CMA(RP형)’ 출시",20230906,16,비즈워치
0004888321,015,'7만전자' 사수 안간힘…삼성전자 약 1% 약세,20230906,16,파이낸셜뉴스
0000019303,648,"신세계푸드, '베러미트' 통해 저탄소 식생활 앞장",20230906,16,한국경제
0004934636,008,키움영웅전 8월 정규전 마무리…상위 랭커 평균 88.8% 수익률,20230906,16,비즈워치
0014174317,001,"미래에셋증권, K-영화·드라마 기반 토큰증권 상품화 추진",20230906,16,머니투데이
0005182611,009,"슈어소프트테크, 2대주주 현대차 지분 매각에 급락",20230906,16,연합뉴스
0004234799,011,"막걸리에 들어온 라인프렌즈…국순당, IPX와 손 잡고 해외 진출",20230906,16,매일경제
0003132925,030,"금융투자협회, '머신러닝 실습' 과정 개설",20230906,16,서울경제
0005568190,018,"젠큐릭스-딥바이오, 의료 AI 시장 진출...전립선 암 진단 사업 착수",20230906,16,이데일리
0005182608,009,"카사, 7호 압구정 커머스빌딩 공모 개시",20230906,16,이데일리
0005310208,277,"[특징주]셀루메드, 의료계 전반 AI 확산…의료 AI 소프트웨어 개발 부각↑",20230906,16,매일경제
0012072344,003,"에이트원, 디에이건축과 디지털 전환 포괄적 MOU",20230906,17,아시아경제
0005310196,277,[이 주의 관.종.]HBM 수혜 이오테크닉스…구조적 성장 기대,20230906,17,뉴시스
0000770813,031,"젠큐릭스, 딥바이오와 MOU 체결…의료AI 시장 진출",20230906,17,아시아경제
0004234794,011,한화투자증권 '채권 투자 입문’ 이벤트…최대 50만 원 지급,20230906,17,아이뉴스24
0000019302,648,"SK텔레콤, 친환경 프로젝트 '리사이클'로 확대",20230906,17,서울경제
0005310190,277,"랩지노믹스, 美 캔서문샷 합류…""현지 암 진단 서비스 제공 중인 국내 유일 기업""",20230906,17,비즈워치
0002823555,029,"한화투자증권, ‘채권 투자 입문’ 이벤트 실시",20230906,17,아시아경제
0004234792,011,[오전 시황]반도체 '양강' 약세…코스닥 2차전지주 뜀박질,20230906,17,디지털타임스
0005568185,018,"랩지노믹스, 美 캔서문샷 합류",20230906,17,서울경제
0003132918,030,"한국투자증권 미니스탁, 국내주식에 '테마' 기능 추가",20230906,17,이데일리
0001123506,215,"구글 前 임원 ""AI 기술로 대규모 전염병 개발 위험""",20230906,17,전자신문
0004934626,008,"미래에셋證, 토큰증권 활용 K-콘텐츠금융 선점…협의체 기업 확대",20230906,17,아시아경제
0001123505,215,"[서학개미 핫픽] 에어로바이런먼트, 호실적에 시간외 13%↑",20230906,17,한국경제TV
0000770802,031,"미래에셋증권, 'K-콘텐츠' 토큰증권 주목…실무협의체 확대",20230906,17,머니투데이
0000770801,031,"키움영웅전, 8월 정규전 마무리…상위랭커 평균 수익률 196%",20230906,17,한국경제TV
0002193523,016,"주식 시장에선 경운기 속도가 오토바이보다 빠르다…‘농슬라’ 대동, 9월 코스피 상승률 1위 [투자360]",20230906,17,한국경제
0003132909,030,"미래에셋증권, '토큰증권 워킹그룹'에 K-콘텐츠·블록체인 기술 회사 합류",20230906,17,아이뉴스24
0005310201,277,"에이트원-디에이건축, 포괄적 업무협약 체결…“디지털 전환으로 건설현장 안전성↑”",20230906,17,아이뉴스24
0005310184,277,"[특징주]넥스턴바이오, 노보vs릴리 바이오텍 인수전…협력 관계 부각↑",20230906,17,헤럴드경제
0004888311,015,[입법쇼츠] 불법하도급 건설사 잡는 엄태영 의원의 건설산업법 개정안,20230906,17,전자신문
0004888308,015,"유나이티드제약, 696억 공급계약 소식에 5%대 상승",20230906,18,한국경제
0005068108,014,"삼성전기, 단가 눈높이를 좀 더 낮추자...목표가 20만원 -한투",20230906,18,파이낸셜뉴스
0001123500,215,"미래에셋證 토큰증권 협력 강화…""K-콘텐츠 금융 시장 선점""",20230906,18,아시아경제
0002193512,016,로봇株 열풍에 로봇커피 1위 비트코퍼레이션 대주주 다날 수혜 기대,20230906,18,한국경제TV
0004234786,011,랩다이아몬드 언제 어디서 사야할까?,20230906,18,헤럴드경제
0001123498,215,"한국투자證 ""미니스탁 내 국내 주식 테마 기능 추가""",20230906,18,서울경제
0002193511,016,"한화투자증권, ‘채권 투자 입문’ 이벤트 실시 [투자360]",20230906,18,한국경제TV
0002193510,016,"유진투자·KIMCo 재단, 혁신 바이오벤처의 발굴 및 육성을 위한 MOU 체결 [투자360]",20230906,18,헤럴드경제
0005182596,009,"“하루 투자해도 이자” 파킹형 ETF, 가장 인기있는 상품은",20230906,18,헤럴드경제
0005182594,009,"유진투자증권-KIMCo 재단,  혁신 바이오벤처 발굴 MOU 체결",20230906,18,매일경제
0002823539,029,"외국인, 사흘간 코스피 9200억원 순매수",20230906,18,매일경제
0005068104,014,"[특징주] 일동홀딩스, '위고비 계열' 먹는 당뇨병약 임상 승인에 '상한가'",20230906,18,아시아경제
0000946892,417,"하나증권, 연 3.70% 수익률 '하나 점프업 특판 CMA' 출시",20230906,18,디지털타임스
0012072259,003,"메타, 캐나다 이어 유럽서도 뉴스서비스 중단",20230906,18,파이낸셜뉴스
0005068102,014,"[특징주]엑세스바이오 판권 확보, 웰리시스 심전도계 美FDA 승인 소식에↑",20230906,18,머니S
0014174178,001,글로벌 경제 불안 고조에 '안전자산' 달러로 투자 몰려,20230906,18,뉴시스
0014174177,001,"日재무성 ""외환투기 움직임엔 모든 선택지""…엔저에 구두개입",20230906,18,뉴시스
0005310178,277,"원유니버스, 경상북도 교육청과 사이버 독도학교 메타버스 플랫폼 개발",20230906,18,파이낸셜뉴스
0005310173,277,"비트나인, 세계 최초 PostgreSQL DB 탑재 그래프 DB 제품 출시",20230906,18,연합뉴스
0012072260,003,"지아이텍, 63억 규모 장비 제작 계약 체결",20230906,18,연합뉴스
0012072249,003,"""국제유가 치솟는데""…정유주 급등·항공주 급락",20230906,19,뉴시스
0000929723,366,"“금리 연 3.70%”… 하나증권, ‘하나 점프업 특판 CMA(RP형)’ 출시",20230906,19,조선비즈
0014174163,001,"[특징주] 슈어소프트테크, 대주주 현대차의 지분 매각에 급락",20230906,19,연합뉴스
0007031902,421,인플레 우려 커지자 하방 압력서 못 벗어난 비트코인 [코인브리핑],20230906,19,뉴스1
0007031901,421,"금양, 장 초반 7%대 강세…부산 2차전지 공장 착공 임박[핫종목]",20230906,19,뉴스1
0004234780,011,"인도 선점 미래에셋운용, 현지 아마존 물류센터 '베팅'",20230906,19,서울경제
0005068094,014,"미래에셋운용 인도법인, 뭄바이 지역 ‘아마존 풀필먼트 물류센터’ 베팅",20230906,19,파이낸셜뉴스
0001123494,215,IPO 재수는 필수?...성장주로 '금의환향',20230906,19,한국경제TV
0000770790,031,"한화투자증권, '채권 투자 입문' 이벤트 개최",20230906,19,아이뉴스24
0000929714,366,아이폰15 공개 임박… 수혜주는 누구?,20230906,19,조선비즈
0014174139,001,"[게시판] 유진투자, 혁신의약품컨소시엄과 바이오벤처 육성 업무협약",20230906,19,연합뉴스
0004234778,011,"대한안전교육협회, ‘2023 대한민국 안전산업박람회’ 개최.. IoT기반의 스마트 솔루션 선보인다",20230906,19,서울경제
0000019301,648,"다올증권, 신용정보도 매각완료…PF 정상화 관건",20230906,19,비즈워치
0005310163,277,코스피 2570선으로 하락…기관 현·선물 '팔자',20230906,19,아시아경제
0002746402,119,"금투협, ‘서울 핀테크 아카데미’ 과정 개설",20230906,19,데일리안
0005182587,009,"미래에셋자산운용 인도법인, 뭄바이 지역 ‘아마존 풀필먼트 물류센터’ 투자",20230906,19,헤럴드경제
0005068090,014,"이병주∙이선훈 에스아이증권 대표, '쿨 코리아 챌린지' 참여",20230906,19,매일경제
0002193490,016,"지아이텍, 디이엔티와 63억 규모 공급계약 체결",20230906,19,아시아경제
0005310148,277,"젠큐릭스, 해외서 인정한 AI암진단 업체와 손잡고 의료 AI 진출",20230906,19,파이낸셜뉴스
0005068084,014,"[fn마켓워치] 한화운용, 옛 삼성생명 '대치2빌딩' 매각",20230906,20,파이낸셜뉴스
0000946886,417,국제 방위전시회 찾은 김동관 한화 부회장 폴란드 대통령 만나,20230906,20,아시아경제
0002193483,016,국제유가 상승에 정제마진 기대…다시 달리는 정유株 [투자360],20230906,20,파이낸셜뉴스
0005182583,009,“성과급 이상한 회사 조심해야”…루시드 공개저격한 머스크,20230906,20,머니S
0004888293,015,美 대마 합법화 기대감 계속…대마株 동반 강세,20230906,20,매일경제
0005068069,014,"한국투자증권, 미니스탁 '테마'에 국내주식 추가",20230906,20,한국경제
0005182581,009,"일동제약, GLP-1 계열 당뇨병 후보물질 국내 임상 소식에 강세",20230906,20,헤럴드경제
0005068068,014,"[특징주]윈텍, SK넥실리스 해외 고객사 2조 규모 동박 공급..동박 검사장비 납품 주요 고객사 부각↑",20230906,20,파이낸셜뉴스
0002746391,119,"금투협, ‘머신러닝 실습’ 과정 개설",20230906,20,파이낸셜뉴스
0012072135,003,"일동홀딩스·일동제약, 경구용 'GLP-1 RA' 임상1상 승인에 급등[핫스탁]",20230906,20,데일리안
0002193471,016,올 상승장 속 내 주식은 풍요 속 빈곤?…코스피 절반은 ‘마이너스’ [투자360],20230906,20,뉴시스
0004234770,011,"[특징주] 일동홀딩스, 경구용 당뇨 치료제 임상 소식에 '강세'",20230906,20,머니투데이
0005310144,277,"KB證, '미국주식 시세 알리미' 서비스 오픈",20230906,20,헤럴드경제
0005068079,014,"KB증권, ‘미국주식 시세 알리미’ 서비스 개시",20230906,20,서울경제
0005568132,018,"미래에셋운용 印 법인, 뭄바이 ‘아마존 풀필먼트 물류센터’ 투자",20230906,21,이데일리
0001123489,215,"10거래일 연속 상승한 바이오株…""오늘부터 실사""",20230906,21,한국경제TV
0005568131,018,"KB증권, 미국주식 시세 알리미 서비스 오픈",20230906,21,이데일리
0000770780,031,"미래운용 인도법인, 뭄바이 지역 '아마존 풀필먼트 물류센터' 투자",20230906,21,아이뉴스24
0004888288,015,"슈어소프트테크, 현대차 블록딜 소식에 16% 급락",20230906,21,한국경제
0002746386,119,"한투證 미니스탁, 국내주식 거래 도입하고 '테마' 기능 추가",20230906,21,데일리안
0004234768,011,"BBQ, '자메이카 소떡만나 치킨' 미국에 깃발 꽂는다",20230906,21,서울경제
0003132877,030,"KB증권, '미국주식 시세 알리미' 서비스 출시",20230906,21,전자신문
0004934598,008,"미래에셋 인도법인, 뭄바이 지역 '아마존 풀필먼트 물류센터' 투자",20230906,21,머니투데이
0002746385,119,"미래에셋 인도법인, 뭄바이 지역 ‘아마존 풀필먼트 물류센터’ 투자",20230906,21,데일리안
0005568127,018,"삼성자산운용, KODEX CD금리액티브 순자산 2조원 최단기 돌파",20230906,21,아시아경제
0005568126,018,"브이씨, 200만달러 수출 계약 달성",20230906,21,이데일리
0007031824,421,미국의 집중적인 파상공세에도 화웨이 화려하게 '부활',20230906,21,이데일리
0004234764,011,SKT “글로벌 포럼서 6G 네트워크 진화 방향 제시”,20230906,21,뉴스1
0004234763,011,"하나證 ""KT, 희망퇴직 시 배당 훼손…연말까지 보수적 투자 해야""",20230906,21,이데일리
0007031813,421,'코스피 이전' 포스코DX 또 52주 신고가…6만원도 뚫었다[핫종목],20230906,21,서울경제
0005568122,018,"하이투자증권, 300억 규모 ELS 3종 공모",20230906,21,뉴스1
0003132873,030,"유진투자증권-KIMCo 재단, 혁신 바이오벤처 발굴과 육성 위한 MOU 체결",20230906,22,전자신문
0002746382,119,"하나證, ‘하나 점프업 특판 CMA’ 출시",20230906,22,데일리안
0003132871,030,"[ET라씨로] 일동제약, 당뇨병 후보물질 임상에 19% 급등",20230906,22,전자신문
0001123487,215,"월가 전설의 암울한 증시 전망...""내년까지 증시 하락장 지속""",20230906,22,한국경제TV
0000770779,031,"카사, 167억원 규모 압구정 커머스빌딩 공모 시작",20230906,22,아이뉴스24
0012072117,003,"다원시스, 인도 석탄화력발전소 마이크로 펄스 전원장치 공급",20230906,22,뉴시스
0005310122,277,"하나증권, '하나 점프업 특판 CMA' 출시",20230906,22,아시아경제
0014174042,001,"네이버 시가총액 한달 만에 4조 증발…""생성형 AI 성능 우려""(종합)",20230906,22,연합뉴스
0002746380,119,"키움證, 실전투자대회 8월 정규전 마무리…상위 랭커 평균 수익률 88.8%",20230906,22,데일리안
0001123485,215,"""희망퇴직 시 배당 훼손…일시 주가급락 가능성""",20230906,22,한국경제TV
0002193453,016,"KODEX CD금리액티브, 순자산 2조원 최단기 돌파",20230906,22,헤럴드경제
0004888282,015,"""국제유가 10개월만 최고 수준""…정유주 '강세'",20230906,22,한국경제
0004888281,015,"이루다 지분 매입한 클래시스, 장 초반 7%대 강세",20230906,22,한국경제
0004234760,011,"""3주만 써도 주름이 사라져""…hy, 크림형 화장품 출시",20230906,22,서울경제
0002193451,016,대신증권 “삼성전자 올 영업이익 8.4兆…내년은 42兆” [투자360],20230906,22,헤럴드경제
0000019299,648,"넷마블, '세븐나이츠 키우기'로 방치형 RPG 공략",20230906,22,비즈워치
0001123484,215,정보보호산업 세계 5위 노린다…IT보안株 '방긋',20230906,22,한국경제TV
0003132865,030,"카사, 압구정 커머스빌딩 공모 개시",20230906,22,전자신문
0004234756,011,"에듀앤텍 · 아이티윌, 인재육성 및 인력양성 훈련연계를 위한 업무협약 체결",20230906,22,서울경제
0001123482,215,"""먹는 당뇨병약 임상1상 승인""…일동홀딩스 상한가",20230906,23,한국경제TV
0007031794,421,코스피 2580선 보합...美 증시 하락 영향 속 개인 홀로 매수세[개장시황],20230906,23,뉴스1
0007031793,421,"일동제약, '위고비 계열' 먹는 당뇨병 약 개발…일동홀딩스 상한가[핫종목]",20230906,23,뉴스1
0004234755,011,"KB증권, '美주식 시세 알리미' 서비스 개시",20230906,23,서울경제
0001123481,215,국제유가 열 달 만의 최고치…불 붙은 석유주,20230906,23,한국경제TV
0012072099,003,소폭 하락 출발하는 코스피,20230906,23,뉴시스
0012072098,003,오늘 증시는?,20230906,23,뉴시스
0001123480,215,기름값 고공행진에 '흔들'…증시 혼조세 출발,20230906,23,한국경제TV
0007031777,421,하락 출발하는 코스피,20230906,23,뉴스1
0005568111,018,"국고채 10년물, 3.9%대 돌파… 물가 상승 우려에 약세 출발",20230906,23,이데일리
0000770776,031,"에코프로, 컴플라이언스실 신설…준법경영 강화",20230906,23,아이뉴스24
0004234752,011,"에코프로, 컴플라이언스실 신설…기업거래 전문가 영입",20230906,23,서울경제
0007031774,421,개장 시황,20230906,23,뉴스1
0007031773,421,"코스피, 개인 매수세로 약보합 출발",20230906,23,뉴스1
0007031772,421,코스피 하락 출발,20230906,23,뉴스1
0014174019,001,"원/달러 환율, 1,330원대로 올라…유가 상승 등 영향",20230906,23,연합뉴스
0004934592,008,"하나증권, '하나 점프업' 특판 CMA 출시…3.7% 수익률 적용",20230906,24,머니투데이
0005068048,014,"유진투자증권-KIMCo 재단, 혁신 바이오벤처 발굴·육성 MOU",20230906,24,파이낸셜뉴스
0005068047,014,"셀바스헬스케어, 美FDA 승인 얻은 AI 심장진단 사업 박차...AI딥러닝 기술 접목",20230906,24,파이낸셜뉴스
0014174009,001,"코스피, 2,580선 전후서 보합세…코스닥 이차전지주 강세(종합)",20230906,24,연합뉴스
0005068043,014,"[fn마켓워치]스틱·알바트로스·나우IB·신한, 시스템 반도체 설계·반도체 SW에 베팅",20230906,24,파이낸셜뉴스
0004888272,015,"한국투자증권, '미니스탁'에 테마 기능 추가",20230906,24,한국경제
0004934588,008,현대차의 블록딜 매도에…슈어소프트테크 장 중 급락,20230906,24,머니투데이
0002193434,016,"삼성전자 주가 반격, 이제부터 시작?…선행 PER 9개월來 최저 [투자360]",20230906,24,헤럴드경제
0005068041,014,"삼성증권, 18일부터 파생상품 실전투자대회",20230906,24,파이낸셜뉴스
0014174002,001,"[특징주] 파라다이스, 3분기 실적 기대감에 강세",20230906,24,연합뉴스
0000770768,031,"코스피, 기관·외인 매도에 2580선 약보합 출발",20230906,24,아이뉴스24
0004234748,011,‘KODEX CD금리 액티브 ETF’ 3달만에 순자산 2조 돌파,20230906,24,서울경제
0004934584,008,유가 치솟자 주주들 웃는다…주가 뛴 이 종목,20230906,24,머니투데이
0001123474,215,"""더 이상 금리인상 없다""...골드만삭스, 美 경기침체 확률 15%로 하향",20230906,24,한국경제TV
0004888269,015,"일동제약, '위고비 계열' 당뇨병 후보물질 임상 소식에 ↑",20230906,24,한국경제
0001123473,215,"월가 대표 강세론자 ""美 증시, 6~12개월 동안 고통 받을 것""",20230906,24,한국경제TV
0004934582,008,먹는 당뇨병 치료제 임상 돌입…일동홀딩스 '상한가',20230906,24,머니투데이
0005568097,018,"[특징주]유나이티드제약, 696억원 규모 수주 소식에 강세",20230906,24,이데일리
0004934579,008,"포스코DX, 장 초반 6%대 강세…연일 신고가 경신 랠리",20230906,24,머니투데이
0005568094,018,"코스닥, 개인 사자에 상승 출발…대마주 오르고 로봇주 내려",20230906,25,이데일리
0000770763,031,"유진투자증권-KIMCo 재단, 혁신 바이오벤처의 발굴·육성 MOU",20230906,25,아이뉴스24
0005568093,018,"다원시스, 인도 석탄화력발전소에 마이크로 펄스 전원장치 공급",20230906,25,이데일리
0005068033,014,"""고금리 파킹 ETF” KODEX CD금리액티브, 순자산 2조원 최단기 돌파",20230906,25,파이낸셜뉴스
0002746357,119,삼성운용 'KODEX CD금리액티브 ETF' 순자산 2조 최단기 돌파,20230906,25,데일리안
0004934577,008,"유진證-KIMCo재단, 혁신 바이오벤처 육성 위한 MOU 체결",20230906,25,머니투데이
0002193424,016,"KB증권, 美주식 시세 알리미 서비스 오픈",20230906,25,헤럴드경제
0003132852,030,"코빗, 개인정보보호·보안관리체계 인증 유지 사후 심사 통과",20230906,25,전자신문
0004934574,008,외인·기관 '팔자' 하락 출발한 코스피…줍줍 나선 개미들,20230906,25,머니투데이
0004934572,008,"삼성운용 KODEX CD금리액티브, 순자산 2조원 최단기 돌파",20230906,25,머니투데이
0005568088,018,“원금 돌려달라”…디스커버리펀드 피해자들 ‘집단행동’,20230906,25,이데일리
0012072028,003,"수퍼게이트, 130억 규모 시리즈 B 투자 유치",20230906,25,뉴시스
0002746354,119,"유진證-KIMCo 재단, 혁신 바이오벤처 발굴·육성 MOU",20230906,25,데일리안
0014173982,001,[특징주] 국제 유가 상승에 에쓰오일 등 정유주 강세,20230906,25,연합뉴스
0005568082,018,"국제유가 상승에 ‘강달러’…환율, 장중 1330원 초반대로 상승",20230906,25,이데일리
0001123467,215,"""글로벌 탑3 협동로봇 기업""…상장 수요예측 '째깍째깍'",20230906,25,한국경제TV
0001123465,215,"""최근 급등에도 여전히 싸다""...광고매출 영업이익 견인",20230906,25,한국경제TV
0005568080,018,"[특징주]석유 관련주, 사우디·러시아 감산 발표에 급등",20230906,25,이데일리
0002746351,119,"삼성證, 파생상품 실전투자대회 개최",20230906,25,데일리안
0000929690,366,"미래에셋證 “한전KPS, 현재 주가 저평가…원전 정비 확대로 수익성 개선”",20230906,25,조선비즈
0012072007,003,"비트코인, 유가 상승에 약세 이어가…3500만원대",20230906,26,머니투데이
0004888256,015,"코스피, 장 초반 개인 '사자' 속 보합권…2580선",20230906,26,뉴시스
0005568075,018,"코스피, 약보합 출발…외인 4일 만에 ‘셀코리아’",20230906,26,한국경제
0001123460,215,"""영업이익 20% 상향한 8조원...투자수요도 집중""",20230906,26,이데일리
0005568070,018,[특징주]숨고르는 로봇주…레인보우로보틱스 3%↓,20230906,26,한국경제TV
0001123459,215,"""33,000원 이상은 굳이…연말까지 보수적 투자""",20230906,26,이데일리
0005068023,014,[fn마켓워치]CBRE코리아 부사장에 로버트 윌킨슨 내정,20230906,26,한국경제TV
0004934558,008,"유나이티드제약, 696억원 규모 공급 계약에 장 초반 강세",20230906,26,파이낸셜뉴스
0005568066,018,"일동제약, '위고비 계열' 당뇨병약 개발 임상승인…일동홀딩스 上",20230906,26,머니투데이
0002746348,119,"KB證, ‘미국주식 시세 알리미’ 서비스 개시",20230906,26,이데일리
0004934556,008,"KB증권, '미국주식 시세 알리미' 서비스 시작",20230906,26,데일리안
0002746346,119,대신證 “韓 연말까지 3% 내외 물가 상승…석유류 기저 효과”,20230906,26,머니투데이
0007031682,421,"코스피, 장초반 0.18% 하락 2577.59선…코스닥 0.12%↑(2보)",20230906,26,데일리안
0004934554,008,"랩지노믹스, AI 헬스케어 '얼리큐' 서비스 확대 …22조 PNH 시장 진출",20230906,26,뉴스1
0000929688,366,"SK證 “밀리의 서재, 공모가액 낮아져 투자 매력 증가”",20230906,26,뉴시스
0000946863,417,"코스닥, 2.13포인트(0.23%) 오른 923.61포인트 출발",20230906,26,머니투데이
0000236910,629,"코스피, 0.18%(4.77포인트) 내린 2577.41 출발",20230906,26,서울경제
0004934567,008,"아센디오, 공급계약 체결 소식…장 초반 2%대 강세",20230906,26,조선비즈
0012071972,003,"코스피 2577.41(▼0.18%), 코스닥 923.61(▲0.23%), 원·달러 환율 1332.5원(▲1.9원) 개장[시황]",20230906,26,머니S
0004234732,011,[코스닥(개장)] 2.13포인트(0.23%) 오른 923.61 출발,20230906,26,더팩트
0004234730,011,"AI 영상인식 전문기업 씨유박스, 디지털 헬스케어 시장 본격 진출",20230906,27,서울경제
0000946862,417,원/달러 환율 1.9 원 오른 1332.5원 출발,20230906,27,서울경제
0014173948,001,"코스피, 약보합 출발…2,570대로 내려",20230906,27,머니S
0000946861,417,"코스피, 4.77포인트(0.18%) 내린 2577.41포인트 출발",20230906,27,연합뉴스
0002746342,119,"하이證, 300억원 규모 ELS 3종 공모",20230906,27,머니S
0007031668,421,[달러·원] 환율 1.9 원 오른 1332.5원 출발,20230906,27,데일리안
0012071956,003,"제우스, 290억원 규모 디스플레이 제조공정용 반송로봇 수주",20230906,27,뉴스1
0007031659,421,[코스닥] 2.13p(0.23%) 오른 923.61 출발,20230906,27,아시아경제
0007031657,421,[코스피] 4.77p(0.18%) 내린 2577.41 출발,20230906,27,뉴시스
0012071951,003,하반기 코인시장 테마는 무엇일까,20230906,27,뉴스1
0004234722,011,"윤디자인그룹, 전용서체와 퍼포먼스 아우르는 컨설팅 사업 ‘타이포-커뮤니케이션’ 런칭",20230906,27,머니투데이
0007031641,421,"로이터 ""화웨이 반도체 돌파구, 미국 감시 더욱 강화할 것""",20230906,27,뉴스1
0000929682,366,"현대차證 “한화솔루션, 단기 실적 부진… 사업구조 고도화로 점차 개선”",20230906,27,아시아경제
0004234728,011,"[코스피(개장)] 4.77포인트(0.18%) 내린 2,577.41 출발",20230906,27,뉴시스
0005310070,277,코스닥 2.13P 오른 923.61 출발(0.23%↑),20230906,27,아시아경제
0004934546,008,[스팟]코스닥 2.13포인트(0.23%) 오른 923.61 출발,20230906,27,서울경제
0005310068,277,"폴라리스오피스, '폴라리스 오피스 AI' 정식 출시…“가격 대비 다양한 AI 기능”",20230906,27,머니투데이
0005310067,277,코스피 4.77P 내린 2577.41 출발(0.18%↓),20230906,27,머니투데이
0004934545,008,[스팟]코스피 4.77포인트(0.18%) 내린 2577.41 출발,20230906,27,뉴스1
0004934544,008,"일본 부진했지만 美·韓이 상쇄..클리오, 실적 기대감",20230906,27,조선비즈
0004934542,008,"LS일렉트릭, 투자의견 '매수' 상향…3Q도 호실적 전망-키움",20230906,28,머니투데이
0012071948,003,"펨트론, 반도체 패키징 검사 장비 아폴론 수주",20230906,28,뉴시스
0007031628,421,"SK증권 ""상장 재도전 밀리의 서재, 투자 매력 높아져""",20230906,28,뉴스1
0005310057,277,"씨유박스, 디지털 헬스케어 시장 본격 진출",20230906,28,아시아경제
0001123452,215,"""삼성전자, 영업익 대폭 상향 전망""",20230906,28,한국경제TV
0007031622,421,"SK證 ""AI·로봇 강세 흐름…두산로보틱스 단기수급 부담 낮출 것""",20230906,28,아시아경제
0002193395,016,‘과학테마’ 주춤하는 사이 보폭넓히는 테마주…‘한동훈’·‘대마’ 테마 등장,20230906,28,뉴스1
0005568045,018,"유진투자증권, KIMCo 재단과 혁신 바이오벤처 발굴 '맞손'",20230906,28,헤럴드경제
0000770750,031,"동원F&B, 고어가 부담에도 선방…저가 매수 유효-하나",20230906,28,머니투데이
0004234715,011,올해 국내 수주만 2.5조…“LIG넥스원 해외 프로젝트 계약도 늘 것”,20230906,28,이데일리
0004934531,008,수익성·성장성 증명한 한전KPS…유틸리티 업종 '탑 픽' 제시-미래에셋,20230906,28,아이뉴스24
0002823520,029,"유안타증권 ""카카오, 3분기 실적발표 전 매수 추천""",20230906,28,서울경제
0004234714,011,[데이터로 보는 증시]해외 주요 증시 동향(9월 5일),20230906,28,머니투데이
0000770749,031,"해성디에스, 중장기 성장 방향성은 유효-메리츠",20230906,28,디지털타임스
0014173890,001,"NH투자, 파라다이스 목표가 올려…""중국인 단체관광 수혜""",20230906,28,서울경제
0005568040,018,"NH선물 “한은 물가 전망서 유가 상단은 85달러, 상향 조정 가시화”",20230906,28,아이뉴스24
0004234712,011,"""삼성전자, 엔비디아향 HBM3 공급 기대…목표가 9만 원""",20230906,28,연합뉴스
0005568038,018,"""카지노산업, 돌아온 유커에 가파른 지표 회복 기대""",20230906,28,이데일리
0005310055,277,"펨트론, 반도체 패키징 검사 장비 ‘아폴론’ 수주",20230906,28,서울경제
0004934532,008,"소니드 자회사, 폴란드 국영연구소와 '유럽 3대 방산전시회' 공동 참가",20230906,28,이데일리
0005310044,277,"[굿모닝 증시]유가 급등에 물가 우려 ↑…""코스피 하락 출발 예상""",20230906,29,아시아경제
0004888240,015,"""카카오, 4분기엔 회복 가능성 높아""-유안타",20230906,29,한국경제
0004888239,015,"""KT, 잠재 리스크 고려…연말까진 보수적으로 접근해야""-하나",20230906,29,한국경제
0005568036,018,"NDF, 1329.8원/1330.2원…1.65원 상승",20230906,29,이데일리
0004888238,015,"""아프리카TV, 최근 주가 급등에도 밸류에이션 매력적""-다올",20230906,29,한국경제
0000770747,031,"소니드, 폴란드 국영연구소와 '유럽 3대 방산전시회' 공동 참가",20230906,29,아이뉴스24
0001123449,215,"삼성전자, 英 ARM 공모주 투자…HMM 실사 본격화 [이슈투데이]",20230906,29,한국경제TV
0005568033,018,"저스템 子 플람, 에스앤에스텍과 블랭크마스크 표면처리 장비 공동 개발",20230906,29,이데일리
0000770746,031,"밀리의서재, 본격 이익 성장 구간 진입-NH",20230906,29,아이뉴스24
0002193386,016,“증권맨 출신 아빠 주식투자 봤더니…‘깡’으로 버텨 2.8억 수익” [투자360],20230906,29,헤럴드경제
0007031593,421,"대신證 ""삼성전자 연간 영업익 추정치 7.1조→8.4조원 상향""",20230906,29,아시아경제
0014173875,001,"키움증권, LS일렉트릭 투자의견 '매수' 상향…""호실적 기대""",20230906,29,뉴스1
0014173874,001,"대신증권 ""삼성전자 올해 영업이익 8조원 전망""",20230906,29,연합뉴스
0004888234,015,"""느낌보단 데이터""…한경유레카서 합리적 투자하세요[인터뷰+]",20230906,29,연합뉴스
0002193385,016,‘IPO최대어’ Arm 상장에 삼성전자도 참여…기업가치 520억달러 이상 목표,20230906,29,한국경제
0004934530,008,"폴라리스오피스, '폴라리스 오피스 AI'  정식 출시 '가성비 AI 기능 강점'",20230906,29,헤럴드경제
0005568031,018,국제유가 상승에 커진 인플레 우려…환율 1330원 초중반대 상승[외환브리핑],20230906,29,머니투데이
0005067988,014,"소니드 자회사, 폴란드 국영연구소와 ‘유럽 3대 방산전시회’ 공동 참가",20230906,29,이데일리
0000770743,031,"아프리카TV, 광고 매출 성장세 이어져-다올",20230906,29,파이낸셜뉴스
0005310036,277,"플래스크, 손해배상 피소에 ""강력 법적 대응 할 것""",20230906,29,아이뉴스24
0014173873,001,"하나증권 ""KT, 희망퇴직 시 배당 훼손…일시 주가급락 가능성""",20230906,30,연합뉴스
0004234708,011,배럴당 90달러 웃돈 WTI…뉴욕증시 유가 상승 부담에 하락세 [데일리 국제금융시장],20230906,30,서울경제
0005568029,018,"""9월 주식시장 우려보다 양호할 것…엔비디아 훈풍 기대""",20230906,30,이데일리
0004888233,015,"유나이티드제약, 696억원 규모 레보틱스 CR정 공급계약 [주목 e공시]",20230906,30,헤럴드경제
0005568027,018,"치솟는 국제유가… 국고채, 물가 경계감 지속[채권브리핑]",20230906,30,한국경제
0005182541,009,사흘간 K-주식 9000억원 넘게 쇼핑한 외인…복귀 기대감↑,20230906,30,이데일리
0014173859,001,"신한투자증권 ""LIG넥스원 국내외 수주 기대""",20230906,30,뉴시스
0005568024,018,"소니드 子 디펜스코리아, 폴란드 최대 방산 전시회 참가",20230906,30,매일경제
0012071881,003,"브이씨, 뉴질랜드·말레이에 골프시뮬레이터 200만 달러 수출",20230906,30,연합뉴스
0012071880,003,"폴라리스오피스, '폴라리스 오피스 AI' 정식 출시",20230906,30,머니투데이
0012071879,003,"하나證 ""퓨런티어, 자율주행 성장 속 수혜 기대""",20230906,30,이데일리
0000770741,031,"한화솔루션, 단기 실적 부진…4Q부터 실적 개선 기대-현대차",20230906,30,뉴시스
0005568023,018,"해성디에스, 3Q 실적 우려에도 '중장기 성장성' 그대로-메리츠",20230906,30,뉴시스
0012071875,003,"소니드, 자회사 '디펜스코리아' 폴란드 방산전시회 참가",20230906,30,뉴시스
0000770740,031,"클리오, 국내외에서 안정적인 성장 흐름-한투",20230906,30,아이뉴스24
0012071872,003,"플람, 에스앤에스텍과 블랭크마스크 표면처리 장비 공동 개발",20230906,30,이데일리
0012071871,003,"핑거, 이모션웨이브와 생성형 AI 사업 업무협약",20230906,30,뉴시스
0002193384,016,"유나이티드제약, 696억 규모 레보틱스CR정 공급계약",20230906,30,아이뉴스24
0012071886,003,"유나이티드, 태국에 696억 규모 상품 공급계약",20230906,30,뉴시스
0004934529,008,"한화오션, 유상증자 중장기적 관점에서 긍정적 - DS",20230906,30,뉴시스
0004888227,015,"""LIG넥스원, 방산주 중 가장 편안한 선택지""-신한",20230906,31,한국경제
0007031561,421,겨우 잡힌 인플레에 또 '기름'…국제유가 90달러 돌파,20230906,31,뉴스1
0005568018,018,"""ELS 발행 감소 중…내년 상반기 H지수 물량 주의""",20230906,31,이데일리
0005182537,009,"“LIG넥스원, 실적 증가는 시간 문제…방산주 중 가장 편안한 선택”",20230906,31,매일경제
0005067979,014,"팬오션, 하림그룹 HMM 인수 우려에 주가 상당히 부진-DS",20230906,31,파이낸셜뉴스
0005568016,018,"""美 증시, 9월 일시적 조정 후 반등…옥석 가릴 업종은""",20230906,31,이데일리
0005568015,018,"美증시, 일제 하락…외인 ‘바이코리아’ 지속될까[뉴스새벽배송]",20230906,31,이데일리
0004934522,008,"""한화솔루션 3분기 실적, 기대 못 미칠 것""…4분기 개선 전망-키움",20230906,31,머니투데이
0012071861,003,"메리츠證 ""해성디에스, 본궤도 진입 전 숨고르기""",20230906,31,뉴시스
0005568014,018,"클리오, 미·중 매출 성장으로 日수출 부진 상쇄…성장세 기대-한국",20230906,31,이데일리
0004934521,008,"삼성전기, 단기 눈높이를 조금 더 낮추자…목표주가 20만원-한투",20230906,31,머니투데이
0004934520,008,"카지노산업, 중국인 단체 관광객 중심으로 가파른 회복 기대-NH",20230906,31,머니투데이
0005568012,018,"LIG넥스원, 3Q 손실충당금 감소…수출 비중 증가-신한",20230906,31,이데일리
0000236904,629,"뉴욕증시, 국제유가 급등에 하락 마감…애플 0.13%·테슬라 4.69%↑",20230906,31,더팩트
0004888225,015,"반도체 하락하면 돈 버는 ETF라니…""공매도 조장하는 꼴"" 반발",20230906,31,한국경제
0005568009,018,"두산로보틱스, AI·로봇 강세 흐름이 단기수급 부담 낮출 것 -SK",20230906,31,이데일리
0012071857,003,"다시 들썩이는 초전도체주…개미들 ""탈출시기"" vs ""계속간다""",20230906,31,머니투데이
0000770739,031,"증권신고서 철회한 투게더아트, 미술품 가격 논란 부담됐나?",20230906,31,뉴시스
0004934519,008,"KT, 호재와 악재가 혼재…3만3000원 이하에서 매수 고민해야 - 하나",20230906,31,아이뉴스24
0005310002,277,"[클릭 e종목]KT, 배당 훼손 우려…저점 매수로 대응해야",20230906,31,아시아경제
0012071855,003,"밸류파인더 ""뉴인텍, 과대낙폭에 따른 매수 기회""",20230906,32,뉴시스
0004934516,008,9만전자 돌아간다…메모리 반도체 상승 국면 전망-대신증권,20230906,32,머니투데이
0005568005,018,"""연말까지 3%대 물가 유지할 것…유가 부담""",20230906,32,이데일리
0005067975,014,"[fn마켓워치]키움·브이플랫폼·SBI·하나證, 라이브커머스 솔루션에 투자",20230906,32,파이낸셜뉴스
0002193369,016,브레이크 안 걸리는 ‘차이나 런’…국내 中 주식·펀드 투자액 급감 [투자360],20230906,32,아시아경제
0005568002,018,"LS 일렉트릭, 수주·실적 모멘텀 이어져…잠재 성장성 높아-키움",20230906,32,헤럴드경제
0004934514,008,"해성디에스, 본궤도 진입 전 숨고르기…투자의견 '매수'-메리츠",20230906,32,이데일리
0005567999,018,"카카오, 3Q 영업익 컨센서스 소폭 상회-유안타",20230906,32,머니투데이
0005567998,018,"""삼성전자, 年 영업익 8.4조원으로↑…HBM·D램 가격 긍정적""",20230906,32,이데일리
0004888224,015,"""삼성전자, HBM 회의론 불식…반도체 대형주로 수급 집중 전망""-대신",20230906,32,이데일리
0002193368,016,外人 넉달만에 돌아오나…사흘 새 코스피 9000억원 순매수 [투자360],20230906,32,한국경제
0004934510,008,"LIG넥스원, 해외수주 반영 늘어난다…안정적 성장 전망-신한",20230906,32,헤럴드경제
0002193364,016,"“기대했던 생성형 AI가 부메랑”…네이버, 하이퍼클로바X 우려로 한달새 시총 4兆 증발 [투자360]",20230906,32,머니투데이
0005567993,018,“오늘 韓 증시 하락 출발”…천장 뚫는 물가 경고등,20230906,32,헤럴드경제
0000770738,031,"마이크로투나노, D램·HBM 프로브카드에서 자율주행 센서까지",20230906,32,이데일리
0005309990,277,용인 '더원요양병원' 건물 매물로 나와,20230906,32,아이뉴스24
0002193359,016,"“月50만원으로 20년간 月100만원”…불안한 국민연금, 차라리 국채로 진행시켜?! [투자360]",20230906,32,아시아경제
0000929668,366,"하나證 “KT, 3만3000원 이상에서 매수할 필요 없어”",20230906,32,헤럴드경제
0000946841,417,"[국제유가] 사우디·러시아 감산 연장에 최고치… WTI, 86달러 껑충",20230906,32,조선비즈
0005309998,277,[클릭 e종목],20230906,32,머니S
0000946840,417,[뉴욕증시] 사우디 감산 쇼크에 3대 지수 하락… 다우 0.56%↓마감,20230906,33,머니S
0002592374,021,"네이버, 시총 4조 증발…생성형 인공지능 우려",20230906,33,문화일보
0000019298,648,"[거버넌스워치]미래엔, 완구 ‘영실업’ 건사하나",20230906,33,비즈워치
0004888215,015,"""비만 잡아야 패권 잡는다""…노보 vs 릴리, 바이오텍 인수전 돌입 [더 머니이스트-이해진의 글로벌바이오]",20230906,33,한국경제
0002746314,119,"라임·옵티머스 ‘무풍지대’…중소형證, 리테일 강화 드라이브",20230906,33,데일리안
0014173811,001,"외국인, 국내증시 복귀하나…코스피 9천200억원 순매수 전환",20230906,33,연합뉴스
0002746313,119,증권사 레고랜드發 PF 위기 1년...해외 부동산 투자까지 ‘암운’,20230906,33,데일리안
0005182520,009,“루이비통 든다고 예뻐보이나?”…명품 제친 ‘다이어트 주사’,20230906,33,매일경제
0005567987,018,빈살만-푸틴 油담합…치솟은 국채금리·달러[월스트리트in],20230906,33,이데일리
0001123429,215,"뉴욕증시, 사우디 감산 쇼크에 일제 하락…테슬라 4.7%↑ [출근전 꼭 글로벌브리핑]",20230906,33,한국경제TV
0007031504,421,"컨트리 가든 채권 이자 지불, 주가 1홍콩달러 회복",20230906,33,뉴스1
0005309975,277,말도 많고 탈도 많은 CFD…증권사들은 왜 서비스 재개하나,20230906,33,아시아경제
0000019296,648,[대장아파트 바뀐다]④대장 없던 '개포'…주공1단지 대장 꿰찰까,20230906,33,비즈워치
0007031501,421,일본 주식 보관금액 중국 넘었다…증권사들 '일학개미' 모시기 '분주',20230906,33,뉴스1
0014173792,001,원유 감산에 유가 10개월만에 최고…中경기 악화 우려 더 커져,20230906,33,연합뉴스
0005309971,277,채굴자도 내다판다…비트코인 가격 약세 신호?,20230906,33,아시아경제
0007031498,421,"맨유 개인회사 전환 추진, 주가 18% 폭락(상보)",20230906,33,뉴스1
0005567984,018,"""2차전지 유망하지만…"" 성장주 매니저가 주목한 하반기 테마는?",20230906,33,이데일리
0000019295,648,[산업 리그테이블]⑤'배터리' LG 중심으로 떴다,20230906,33,비즈워치
0012071815,003,"뉴욕증시, '10개월來 최고' 유가 부담에 하락 마감…다우 200P↓(종합)",20230906,33,뉴시스
0005309970,277,"3분기 상장사 실적 제자리걸음…中 침체, 반도체 회복 지연 여파",20230906,34,아시아경제
0007031481,421,"베트남 전기차 빈패스트 또 11% 폭락, 5일 연속↓(상보)",20230906,34,뉴스1
0004888210,015,뉴욕증시 하락…국제유가 상승에 따른 물가 부담 [뉴욕증시 브리핑],20230906,34,한국경제
0005182515,009,갈팡질팡 증시에 힘실리는 ‘이 상품’…올들어 257조원어치 거래,20230906,34,매일경제
0005567981,018,정부가 밀고 대기업이 끌고..'주도주' 넘보는 로봇株,20230906,34,이데일리
0007031480,421,"'큰손' 연기금, 하반기 포스코홀딩스·삼성전자 팔고 사들인 종목은",20230906,34,뉴스1
0014173786,001,경기 침체·금융 불안에 중국 주식·펀드 자금 '썰물',20230906,34,연합뉴스
0014173785,001,"네이버, 생성형 인공지능 우려에 '울상'…시총 한달새 4조 증발",20230906,34,연합뉴스
0005067956,014,"KT, 3.3만 이상서 매수 필요 없어-하나",20230906,34,파이낸셜뉴스
0007031469,421,"반도체 혼조, 필라델피아반도체지수 0.03% 상승에 그쳐(상보)",20230906,34,뉴스1
0004888207,015,올 상반기 전자금융사고 197건 발생…전년비 10% 감소,20230906,34,한국경제
0001636167,005,투자금 1兆 묶인 젠투펀드… 3년 넘게 원인도 모른다,20230906,34,국민일보
0000929642,366,돈 빠지고 또 빠지는 위기의 공모펀드... 초단기채만 자금 유입 ‘눈길’,20230906,34,조선비즈
0005567962,018,‘반도체 vs 2차전지’ 시소게임…박스피 돌파 주인공은,20230906,34,이데일리
0000929635,366,"팬오션을 부실 계열사 지원에 활용했던 하림, ‘14조 현금’ HMM 새주인으로 괜찮나",20230906,34,조선비즈
0004934490,008,"""파생상품=투기란 오해 풀 것"" 개별종목 선물옵션 250개로 늘린다",20230906,34,머니투데이
0007031435,421,AI 최대 수혜주 엔비디아 오늘은 0.08% 상승에 그쳐,20230906,34,뉴스1
0014173749,001,"뉴욕증시, 국제유가 상승에 하락…다우 0.56%↓ 마감",20230906,34,연합뉴스
0005567958,018,"""2년 뒤 흑자 자신""…스팩 합병 추진 세니젠, 뿔난 개미 마음 돌릴까",20230906,34,이데일리
0007031432,421,테슬라 4.69%↑-루시드 0.94%↓ 전기차 혼조(종합),20230906,34,뉴스1
0012071763,003,"뉴욕증시, 유가 급등에 일제 하락 마감…다우 200P↓",20230906,35,뉴시스
0007031423,421,"유가 10개월래 최고, 인플레 우려…미증시 일제↓(상보)",20230906,35,뉴스1
0005567952,018,[속보]국제유가 급등에…뉴욕증시 일제히 하락,20230906,35,이데일리
0007031420,421,"[속보]유가 10개월래 최고, 미증시 일제 하락…다우 0.56%↓",20230906,35,뉴스1
0007031419,421,"[속보] 맨유 개인회사 전환 추진, 주가 18% 폭락",20230906,35,뉴스1
0007031418,421,"[속보] 베트남 전기차 빈패스트 또 11% 폭락, 5일 연속↓",20230906,35,뉴스1
0007031416,421,"[속보] 테슬라 중국판매 증가, 주가 5% 급등",20230906,35,뉴스1
0007031386,421,"사우디 감산 연장, 브렌트유 90달러 돌파…10개월래 최고",20230906,35,뉴스1
0000759023,469,"“부동산 불패 믿어, 무주택 탈출""... 30대가 빚내 집 산 이유는",20230906,35,한국일보
0005567941,018,자본 시장에 부쩍 늘어난 '타짜 너구리'[마켓인],20230906,35,이데일리
0003786007,023,"버리·소로스는 ‘비관’, 버핏은 ‘낙관’에 섰다",20230906,35,조선일보
0003785997,023,[주요경제지표] 2023년 9월 5일자,20230906,35,조선일보
0003785995,023,[주식 매매 상위 종목 및 환율] 2023년 9월 5일자,20230906,35,조선일보
0005567935,018,사우디·러시아 감산 연장에…유가 치솟고 뉴욕증시 하락,20230906,35,이데일리
